Workbook
Name Slicer_customer: #N/A

Sheet aged_AR_chart
A3: Sum of amount | B3: aging_category
A4: customer | B4: Not due | C4: 1-31 | D4: 31-60 | E4: 61-90 | F4: >90 | G4: Grand Total
A5: Acme | B5: 109484.83 | C5: 36833.1 | D5: 37107.85 | E5: 46642.11 | F5: 215517.41 | G5: 445585.3
A6: Globex | B6: 85089.76 | C6: 51103.68 | D6: 51459.38 | E6: 41920.23 | F6: 280473.54 | G6: 510046.59
A7: Umbrella | B7: 97593.03 | C7: 45892.85 | D7: 61078.3 | E7: 61620.59 | F7: 180971.86 | G7: 447156.63
A8: Grand Total | B8: 292167.62 | C8: 133829.63 | D8: 149645.53 | E8: 150182.93 | F8: 676962.81 | G8: 1402788.5

Sheet AR_age_category
A1: ar_id | B1: customer | C1: invoice_date | D1: due_date | E1: amount | F1: past_due_days | G1: aging_category | I1: Invoice term (days) | J1: 30
A2: AR20000 | B2: Soylent | C2: 45888 | D2: =WORKDAY(AR_age_category!$C2,$J$1) -> 45930 | E2: 6160.48 | F2: =IF(AR_table[[#This Row],[due_date]]>=TODAY(),0,NETWORKDAYS(AR_table[[#This Row],[due_date]],TODAY())) -> 91 | G2: =VLOOKUP(AR_age_category!$F2,Table4[#All],2) -> >90
A3: AR20001 | B3: Umbrella | C3: 46113 | D3: =WORKDAY(AR_age_category!$C3,$J$1) -> 46155 | E3: 995.04 | F3: =IF(AR_table[[#This Row],[due_date]]>=TODAY(),0,NETWORKDAYS(AR_table[[#This Row],[due_date]],TODAY())) -> 0 | G3: =VLOOKUP(AR_age_category!$F3,Table4[#All],2) -> Not due | I3: due_days | J3: aging_category
A4: AR20002 | B4: Soylent | C4: 46016 | D4: =WORKDAY(AR_age_category!$C4,$J$1) -> 46058 | E4: 3936.29 | F4: =IF(AR_table[[#This Row],[due_date]]>=TODAY(),0,NETWORKDAYS(AR_table[[#This Row],[due_date]],TODAY())) -> 0 | G4: =VLOOKUP(AR_age_category!$F4,Table4[#All],2) -> Not due | I4: 0 | J4: Not due
A5: AR20005 | B5: Initech | C5: 45806 | D5: =WORKDAY(AR_age_category!$C5,$J$1) -> 45848 | E5: 6985.23 | F5: =IF(AR_table[[#This Row],[due_date]]>=TODAY(),0,NETWORKDAYS(AR_table[[#This Row],[due_date]],TODAY())) -> 149 | G5: =VLOOKUP(AR_age_category!$F5,Table4[#All],2) -> >90 | I5: 1 | J5: 1-30
A6: AR20007 | B6: Globex | C6: 45964 | D6: =WORKDAY(AR_age_category!$C6,$J$1) -> 46006 | E6: 4099.3 | F6: =IF(AR_table[[#This Row],[due_date]]>=TODAY(),0,NETWORKDAYS(AR_table[[#This Row],[due_date]],TODAY())) -> 37 | G6: =VLOOKUP(AR_age_category!$F6,Table4[#All],2) -> 31-60 | I6: 31 | J6: 31-60
A7: AR20009 | B7: Globex | C7: 46002 | D7: =WORKDAY(AR_age_category!$C7,$J$1) -> 46044 | E7: 2670.06 | F7: =IF(AR_table[[#This Row],[due_date]]>=TODAY(),0,NETWORKDAYS(AR_table[[#This Row],[due_date]],TODAY())) -> 9 | G7: =VLOOKUP(AR_age_category!$F7,Table4[#All],2) -> 1-30 | I7: 61 | J7: 61-90
A8: AR20010 | B8: Acme | C8: 45894 | D8: =WORKDAY(AR_age_category!$C8,$J$1) -> 45936 | E8: 3602.98 | F8: =IF(AR_table[[#This Row],[due_date]]>=TODAY(),0,NETWORKDAYS(AR_table[[#This Row],[due_date]],TODAY())) -> 87 | G8: =VLOOKUP(AR_age_category!$F8,Table4[#All],2) -> 61-90 | I8: 91 | J8: >90
A9: AR20011 | B9: Umbrella | C9: 45996 | D9: =WORKDAY(AR_age_category!$C9,$J$1) -> 46038 | E9: 1107.56 | F9: =IF(AR_table[[#This Row],[due_date]]>=TODAY(),0,NETWORKDAYS(AR_table[[#This Row],[due_date]],TODAY())) -> 13 | G9: =VLOOKUP(AR_age_category!$F9,Table4[#All],2) -> 1-30
A10: AR20013 | B10: Acme | C10: 46085 | D10: =WORKDAY(AR_age_category!$C10,$J$1) -> 46127 | E10: 1209.22 | F10: =IF(AR_table[[#This Row],[due_date]]>=TODAY(),0,NETWORKDAYS(AR_table[[#This Row],[due_date]],TODAY())) -> 0 | G10: =VLOOKUP(AR_age_category!$F10,Table4[#All],2) -> Not due
A11: AR20014 | B11: Umbrella | C11: 45776 | D11: =WORKDAY(AR_age_category!$C11,$J$1) -> 45818 | E11: 1688.61 | F11: =IF(AR_table[[#This Row],[due_date]]>=TODAY(),0,NETWORKDAYS(AR_table[[#This Row],[due_date]],TODAY())) -> 171 | G11: =VLOOKUP(AR_age_category!$F11,Table4[#All],2) -> >90
A12: AR20016 | B12: Initech | C12: 46158 | D12: =WORKDAY(AR_age_category!$C12,$J$1) -> 46199 | E12: 4357.75 | F12: =IF(AR_table[[#This Row],[due_date]]>=TODAY(),0,NETWORKDAYS(AR_table[[#This Row],[due_date]],TODAY())) -> 0 | G12: =VLOOKUP(AR_age_category!$F12,Table4[#All],2) -> Not due
A13: AR20018 | B13: Acme | C13: 45756 | D13: =WORKDAY(AR_age_category!$C13,$J$1) -> 45798 | E13: 3074.66 | F13: =IF(AR_table[[#This Row],[due_date]]>=TODAY(),0,NETWORKDAYS(AR_table[[#This Row],[due_date]],TODAY())) -> 185 | G13: =VLOOKUP(AR_age_category!$F13,Table4[#All],2) -> >90
A14: AR20019 | B14: Initech | C14: 45785 | D14: =WORKDAY(AR_age_category!$C14,$J$1) -> 45827 | E14: 7987.42 | F14: =IF(AR_table[[#This Row],[due_date]]>=TODAY(),0,NETWORKDAYS(AR_table[[#This Row],[due_date]],TODAY())) -> 164 | G14: =VLOOKUP(AR_age_category!$F14,Table4[#All],2) -> >90
A15: AR20021 | B15: Acme | C15: 45846 | D15: =WORKDAY(AR_age_category!$C15,$J$1) -> 45888 | E15: 5384.07 | F15: =IF(AR_table[[#This Row],[due_date]]>=TODAY(),0,NETWORKDAYS(AR_table[[#This Row],[due_date]],TODAY())) -> 121 | G15: =VLOOKUP(AR_age_category!$F15,Table4[#All],2) -> >90
A16: AR20022 | B16: Soylent | C16: 45852 | D16: =WORKDAY(AR_age_category!$C16,$J$1) -> 45894 | E16: 5931.01 | F16: =IF(AR_table[[#This Row],[due_date]]>=TODAY(),0,NETWORKDAYS(AR_table[[#This Row],[due_date]],TODAY())) -> 117 | G16: =VLOOKUP(AR_age_category!$F16,Table4[#All],2) -> >90
A17: AR20023 | B17: Umbrella | C17: 45904 | D17: =WORKDAY(AR_age_category!$C17,$J$1) -> 45946 | E17: 7959.18 | F17: =IF(AR_table[[#This Row],[due_date]]>=TODAY(),0,NETWORKDAYS(AR_table[[#This Row],[due_date]],TODAY())) -> 79 | G17: =VLOOKUP(AR_age_category!$F17,Table4[#All],2) -> 61-90
A18: AR20024 | B18: Globex | C18: 45846 | D18: =WORKDAY(AR_age_category!$C18,$J$1) -> 45888 | E18: 5981.13 | F18: =IF(AR_table[[#This Row],[due_date]]>=TODAY(),0,NETWORKDAYS(AR_table[[#This Row],[due_date]],TODAY())) -> 121 | G18: =VLOOKUP(AR_age_category!$F18,Table4[#All],2) -> >90
A19: AR20028 | B19: Soylent | C19: 45818 | D19: =WORKDAY(AR_age_category!$C19,$J$1) -> 45860 | E19: 7898.89 | F19: =IF(AR_table[[#This Row],[due_date]]>=TODAY(),0,NETWORKDAYS(AR_table[[#This Row],[due_date]],TODAY())) -> 141 | G19: =VLOOKUP(AR_age_category!$F19,Table4[#All],2) -> >90
A20: AR20029 | B20: Acme | C20: 45911 | D20: =WORKDAY(AR_age_category!$C20,$J$1) -> 45953 | E20: 3210.82 | F20: =IF(AR_table[[#This Row],[due_date]]>=TODAY(),0,NETWORKDAYS(AR_table[[#This Row],[due_date]],TODAY())) -> 74 | G20: =VLOOKUP(AR_age_category!$F20,Table4[#All],2) -> 61-90
... A600: AR20898 | B600: Initech | C600: 46008 | D600: =WORKDAY(AR_age_category!$C600,$J$1) -> 46050 | E600: 3136.3 | F600: =IF(AR_table[[#This Row],[due_date]]>=TODAY(),0,NETWORKDAYS(AR_table[[#This Row],[due_date]],TODAY())) -> 5 | G600: =VLOOKUP(AR_age_category!$F600,Table4[#All],2) -> 1-30
