Workbook
Name Slicer_aging_category: #N/A
Name Slicer_customer: #N/A
Name Timeline_due_date: #N/A

Sheet dashboard
A1: Account Receivable Aging Report

Sheet aging_distribution
A3: Sum of outstanding_amount | B3: Column Labels
A4: Row Labels | B4: Not due | C4: 1-30 | D4: 31-60 | E4: 61-90 | F4: >90 | G4: Grand Total
A5: 2025
A6: Feb | F6: 110125.45 | G6: 110125.45
A7: Mar | F7: 175533.31 | G7: 175533.31
A8: Apr | F8: 160653.09 | G8: 160653.09
A9: May | F9: 148855.23 | G9: 148855.23
A10: Jun | F10: 118840.42 | G10: 118840.42
A11: Jul | F11: 145676.38 | G11: 145676.38
A12: Aug | F12: 157209.32 | G12: 157209.32
A13: Sep | F13: 167585.01 | G13: 167585.01
A14: Oct | E14: 152864.54 | F14: 27676.24 | G14: 180540.78
A15: Nov | D15: 61691.45 | E15: 87017.77 | G15: 148709.22
A16: Dec | D16: 210508.24 | G16: 210508.24
A17: 2026
A18: Jan | C18: 149106.4 | G18: 149106.4
A19: Feb | B19: 30061.59 | C19: 28520.19 | G19: 58581.78
A20: Mar | B20: 72341.59 | G20: 72341.59
A21: Apr | B21: 84319.09 | G21: 84319.09
A22: May | B22: 71382.1 | G22: 71382.1
A23: Jun | B23: 101709.6 | G23: 101709.6
A24: Jul | B24: 94829.03 | G24: 94829.03
A25: Aug | B25: 29219.69 | G25: 29219.69
A26: Grand Total | B26: 483862.69 | C26: 177626.59 | D26: 272199.69 | E26: 239882.31 | F26: 1212154.4 | G26: 2385725.7

Sheet AR_aging
A3: Sum of outstanding_amount | B3: Column Labels
A4: Row Labels | B4: Not due | C4: 1-30 | D4: 31-60 | E4: 61-90 | F4: >90 | G4: Grand Total
A5: Acme | B5: 100647.2 | C5: 28146.48 | D5: 50265.36 | E5: 47405.87 | F5: 219120.39 | G5: 445585.3
A6: Globex | B6: 77904.22 | C6: 43900.59 | D6: 65848.01 | E6: 35104.13 | F6: 287289.64 | G6: 510046.59
A7: Initech | B7: 86101.77 | C7: 27348.13 | D7: 42425.29 | E7: 29447.38 | F7: 271689.89 | G7: 457012.46
A8: Soylent | B8: 125615.3 | C8: 36288.6 | D8: 51317.29 | E8: 66359.64 | F8: 246343.92 | G8: 525924.75
A9: Umbrella | B9: 93594.2 | C9: 41942.79 | D9: 62343.74 | E9: 61565.29 | F9: 187710.61 | G9: 447156.63
A10: Grand Total | B10: 483862.69 | C10: 177626.59 | D10: 272199.69 | E10: 239882.31 | F10: 1212154.4 | G10: 2385725.7

Sheet monthly
A3: Row Labels | B3: Sum of outstanding_amount
A4: 2025
A5: Feb | B5: 110125.45
A6: Mar | B6: 175533.31
A7: Apr | B7: 160653.09
A8: May | B8: 148855.23
A9: Jun | B9: 118840.42
A10: Jul | B10: 145676.38
A11: Aug | B11: 157209.32
A12: Sep | B12: 167585.01
A13: Oct | B13: 180540.78
A14: Nov | B14: 148709.22
A15: Dec | B15: 210508.24
A16: 2026
A17: Jan | B17: 149106.4
A18: Feb | B18: 58581.78
A19: Mar | B19: 72341.59
A20: Apr | B20: 84319.09
A21: May | B21: 71382.1
A22: Jun | B22: 101709.6
A23: Jul | B23: 94829.03
A24: Aug | B24: 29219.69
A25: Grand Total | B25: 2385725.7

Sheet AR_table
A1: ar_id | B1: customer | C1: invoice_date | D1: due_date | E1: outstanding_amount | F1: past_due_days | G1: aging_category | I1: Invoice term (days) | J1: 30
A2: AR20000 | B2: Soylent | C2: 45888 | D2: =WORKDAY(AR_table!$C2,$J$1) -> 45930 | E2: 6160.48 | F2: =IF(AR_table!$D2>=TODAY(),0,NETWORKDAYS(AR_table!$D2,TODAY())) -> 97 | G2: =VLOOKUP(AR_table!$F2,aging_bucket[#All],2) -> >90
A3: AR20001 | B3: Umbrella | C3: 46113 | D3: =WORKDAY(AR_table!$C3,$J$1) -> 46155 | E3: 995.04 | F3: =IF(AR_table!$D3>=TODAY(),0,NETWORKDAYS(AR_table!$D3,TODAY())) -> 0 | G3: =VLOOKUP(AR_table!$F3,aging_bucket[#All],2) -> Not due | I3: due_days | J3: aging_bucket
A4: AR20002 | B4: Soylent | C4: 46016 | D4: =WORKDAY(AR_table!$C4,$J$1) -> 46058 | E4: 3936.29 | F4: =IF(AR_table!$D4>=TODAY(),0,NETWORKDAYS(AR_table!$D4,TODAY())) -> 5 | G4: =VLOOKUP(AR_table!$F4,aging_bucket[#All],2) -> 1-30 | I4: 0 | J4: Not due
A5: AR20005 | B5: Initech | C5: 45806 | D5: =WORKDAY(AR_table!$C5,$J$1) -> 45848 | E5: 6985.23 | F5: =IF(AR_table!$D5>=TODAY(),0,NETWORKDAYS(AR_table!$D5,TODAY())) -> 155 | G5: =VLOOKUP(AR_table!$F5,aging_bucket[#All],2) -> >90 | I5: 1 | J5: 1-30
A6: AR20007 | B6: Globex | C6: 45964 | D6: =WORKDAY(AR_table!$C6,$J$1) -> 46006 | E6: 4099.3 | F6: =IF(AR_table!$D6>=TODAY(),0,NETWORKDAYS(AR_table!$D6,TODAY())) -> 43 | G6: =VLOOKUP(AR_table!$F6,aging_bucket[#All],2) -> 31-60 | I6: 31 | J6: 31-60
A7: AR20009 | B7: Globex | C7: 46002 | D7: =WORKDAY(AR_table!$C7,$J$1) -> 46044 | E7: 2670.06 | F7: =IF(AR_table!$D7>=TODAY(),0,NETWORKDAYS(AR_table!$D7,TODAY())) -> 15 | G7: =VLOOKUP(AR_table!$F7,aging_bucket[#All],2) -> 1-30 | I7: 61 | J7: 61-90
A8: AR20010 | B8: Acme | C8: 45894 | D8: =WORKDAY(AR_table!$C8,$J$1) -> 45936 | E8: 3602.98 | F8: =IF(AR_table!$D8>=TODAY(),0,NETWORKDAYS(AR_table!$D8,TODAY())) -> 93 | G8: =VLOOKUP(AR_table!$F8,aging_bucket[#All],2) -> >90 | I8: 91 | J8: >90
A9: AR20011 | B9: Umbrella | C9: 45996 | D9: =WORKDAY(AR_table!$C9,$J$1) -> 46038 | E9: 1107.56 | F9: =IF(AR_table!$D9>=TODAY(),0,NETWORKDAYS(AR_table!$D9,TODAY())) -> 19 | G9: =VLOOKUP(AR_table!$F9,aging_bucket[#All],2) -> 1-30
A10: AR20013 | B10: Acme | C10: 46085 | D10: =WORKDAY(AR_table!$C10,$J$1) -> 46127 | E10: 1209.22 | F10: =IF(AR_table!$D10>=TODAY(),0,NETWORKDAYS(AR_table!$D10,TODAY())) -> 0 | G10: =VLOOKUP(AR_table!$F10,aging_bucket[#All],2) -> Not due
A11: AR20014 | B11: Umbrella | C11: 45776 | D11: =WORKDAY(AR_table!$C11,$J$1) -> 45818 | E11: 1688.61 | F11: =IF(AR_table!$D11>=TODAY(),0,NETWORKDAYS(AR_table!$D11,TODAY())) -> 177 | G11: =VLOOKUP(AR_table!$F11,aging_bucket[#All],2) -> >90
A12: AR20016 | B12: Initech | C12: 46158 | D12: =WORKDAY(AR_table!$C12,$J$1) -> 46199 | E12: 4357.75 | F12: =IF(AR_table!$D12>=TODAY(),0,NETWORKDAYS(AR_table!$D12,TODAY())) -> 0 | G12: =VLOOKUP(AR_table!$F12,aging_bucket[#All],2) -> Not due
A13: AR20018 | B13: Acme | C13: 45756 | D13: =WORKDAY(AR_table!$C13,$J$1) -> 45798 | E13: 3074.66 | F13: =IF(AR_table!$D13>=TODAY(),0,NETWORKDAYS(AR_table!$D13,TODAY())) -> 191 | G13: =VLOOKUP(AR_table!$F13,aging_bucket[#All],2) -> >90
A14: AR20019 | B14: Initech | C14: 45785 | D14: =WORKDAY(AR_table!$C14,$J$1) -> 45827 | E14: 7987.42 | F14: =IF(AR_table!$D14>=TODAY(),0,NETWORKDAYS(AR_table!$D14,TODAY())) -> 170 | G14: =VLOOKUP(AR_table!$F14,aging_bucket[#All],2) -> >90
A15: AR20021 | B15: Acme | C15: 45846 | D15: =WORKDAY(AR_table!$C15,$J$1) -> 45888 | E15: 5384.07 | F15: =IF(AR_table!$D15>=TODAY(),0,NETWORKDAYS(AR_table!$D15,TODAY())) -> 127 | G15: =VLOOKUP(AR_table!$F15,aging_bucket[#All],2) -> >90
A16: AR20022 | B16: Soylent | C16: 45852 | D16: =WORKDAY(AR_table!$C16,$J$1) -> 45894 | E16: 5931.01 | F16: =IF(AR_table!$D16>=TODAY(),0,NETWORKDAYS(AR_table!$D16,TODAY())) -> 123 | G16: =VLOOKUP(AR_table!$F16,aging_bucket[#All],2) -> >90
A17: AR20023 | B17: Umbrella | C17: 45904 | D17: =WORKDAY(AR_table!$C17,$J$1) -> 45946 | E17: 7959.18 | F17: =IF(AR_table!$D17>=TODAY(),0,NETWORKDAYS(AR_table!$D17,TODAY())) -> 85 | G17: =VLOOKUP(AR_table!$F17,aging_bucket[#All],2) -> 61-90
A18: AR20024 | B18: Globex | C18: 45846 | D18: =WORKDAY(AR_table!$C18,$J$1) -> 45888 | E18: 5981.13 | F18: =IF(AR_table!$D18>=TODAY(),0,NETWORKDAYS(AR_table!$D18,TODAY())) -> 127 | G18: =VLOOKUP(AR_table!$F18,aging_bucket[#All],2) -> >90
A19: AR20028 | B19: Soylent | C19: 45818 | D19: =WORKDAY(AR_table!$C19,$J$1) -> 45860 | E19: 7898.89 | F19: =IF(AR_table!$D19>=TODAY(),0,NETWORKDAYS(AR_table!$D19,TODAY())) -> 147 | G19: =VLOOKUP(AR_table!$F19,aging_bucket[#All],2) -> >90
A20: AR20029 | B20: Acme | C20: 45911 | D20: =WORKDAY(AR_table!$C20,$J$1) -> 45953 | E20: 3210.82 | F20: =IF(AR_table!$D20>=TODAY(),0,NETWORKDAYS(AR_table!$D20,TODAY())) -> 80 | G20: =VLOOKUP(AR_table!$F20,aging_bucket[#All],2) -> 61-90
... A600: AR20898 | B600: Initech | C600: 46008 | D600: =WORKDAY(AR_table!$C600,$J$1) -> 46050 | E600: 3136.3 | F600: =IF(AR_table!$D600>=TODAY(),0,NETWORKDAYS(AR_table!$D600,TODAY())) -> 11 | G600: =VLOOKUP(AR_table!$F600,aging_bucket[#All],2) -> 1-30
